username,password_hash
user01,874cc76b7811254bc134708f86e804b0a6c30782e6d05984b94c35821efeb12ce16a7a0bc2b26cebcfb794305a538b44
user02,da96a9ffe26f03e9e030c3ba6428672b065b685d1ec4c43e3e8891d9f1c688b0acd6d9649a97e1eab7ad765cef369daf
user03,6e998a2f5c15bea3da341d14146a24168b1eeeee8bccce671c1cbeaa29f1eb446bc9c6e606994b74fe7718dc0171c484
user04,d412cdcf5fced5218876bc7f62c5fe90eec65133f884f44fecf4029fce7917e0099bab8f6e36137588f7a2007f4f8cf3
user05,380930a24520ee2496aac2338aaa1d0b85e5a10366362018cd92fcbb3f33ad181fb57aa5981788b7d9eea1dd3fbfed5c
user06,1d2d99b7a96c1cc5e0e39b7f4727ff8532781340df8c1dce7908a8531889a6f05945fc138051df2ed859eb3020a7f811
user07,2817e9bf446359c7000c72825923a878716c70cab6ae828cb44833c8577e4b1c8edd7a3439ed79b540cb80527aefe3b0
user08,b92e355844089bb79e2a76804fc3d1f9f4e725c78ca9b7d75cde04ab955db3e3997898829dc9448593be16570e3ca53f
user09,43ebe76bdcbf60da51c8a2c4cd5bba9a69bc3b83b89d102213a7e602cbff7fd8832f771f99dcf0e5f16e77306c634f77
user10,c56e1c1abf9348b491d53782ad8bf046d41fa3d8e0b4b069e7d58f1154a712c3b57d3b838bf0247a384e688b27893612
